insert into policies values('512N312V02','LIC Jeevan Umang','100 years',20000000.00,40000000,10,'2020-02-01',30,8);
insert into policies values('512N279V02','LIC New Jeevan Anand','15-35 years',3000000.00,6000000,15,'2020-02-01',25,12);
insert into policies values('512N332V01','LIC Jeevan Amar','50 years',250000.00,500000,12,'2019-08-05',20,9);
insert into policies values('512N299V02','LIC Jeeavn Tarun','35-60 years',150000.00,300000,8,'2020-12-12',15,5);
insert into policies values('512N292V03','LIC Bhagya Lakshmi','70 years',5000000.00,10000000,20,'2015-08-24',60,10);
insert into policies values('512N287V03','LIC New Jeevan Mangal','20 years',350000.00,700000,20,'2016-06-30',45,10);
insert into policies values('512N339V01','LIC Bima Jyoti','25-30 years',400000.00,800000,13,'2014-01-09',50,7);
insert into policies values('512N297V02','LIC Jeevan Lakshya','40 years',450000.00,900000,15,'2013-02-28',25,8);
insert into policies values('512N316V02','LIC Bima Shree','5-10 years',100000.00,200000,5,'2012-12-23',15,3);
insert into policies values('512N304V02','LIC Jeevan Labh','12 years',175000.00,250000,18,'2019-11-14',30,9);
insert into policies values('512N266V02','LIC Jeevan Arogya','12-15 years',200000.00,400000,11,'2020-03-15',90,6);
insert into policies values('512N315V02','LIC Jeevan Shiromani','30 years',500000.00,1000000,10,'2021-01-20',75,5);
insert into policies values('512N289V01','LIC Jeevan Rakshak','45 years',750000.00,1500000,20,'2015-01-25',50,10);
insert into policies values('512N306V01','LIC Jeevan Pragati','60 years',1000000.00,2000000,25,'2019-05-23',85,13);
insert into policies values('512L317V01','LIC Nivesh Plus','75 years',1500000.00,3000000,30,'2017-10-10',95,15);


insert into agents values(247839,'Sujata','Smith',23,'F','BTech','Engineer','2623/1,Patel Nagar,Delhi','2015-05-29',100000.00);
insert into agents values(641232,'Manish','Pandey',63,'M','MBA','Manager','Basement, Kalkaji,Delhi','1968-01-10',200000.00);
insert into agents values(322343,'Arjun','Kohli',33,'M','MBBS','Doctor','Omm Shopin Complx,Chintadripet,Chennai, Tamil Nadu','1997-07-24',150000.00);
insert into agents values(436787,'Nakul','Dhoni',68,'M','MTech','Teacher','Kanakapura Rd, Basavanagudi,
Bangalore','1991-02-15',250000.00);
insert into agents values(787997,'Vismaya','Rai',35,'F','BBA','Lawyer','4-195, Balanagar,Hyderabad, Andhra Pradesh','2015-08-14',300000.00);
insert into agents values(091234,'Varsha','Kulkarni',42,'F','MA','Lecturer',' 28, Krishna Park, Khanpur,Ahmedabad, Gujarat','2011-03-24',500000.00);
insert into agents values(436383,'Soumya','Babu',53,'F','BTech','Engineer','4-5-116, Koti,Hyderabad, Andhra Pradesh','1999-03-22',450000.00);
insert into agents values(939192,'Karunya','Dhawan',44,'F','BPharma','Nurse','551, Sector 14, Faridabad,Haryana','2015-02-12',255000.00);
insert into agents values(949867,'Keerthana','Patil',24,'F','Bcom','Teacher','286 P.b.no.2849, Kalbadevi,Mumbai, Maharashtra','2013-02-27',275000.00);
insert into agents values(831343,'Tarun','Sagar',67,'M','Mcom','CEO','199, Meena Bazar,Delhi','2012-12-12',5000000.00);
insert into agents values(873773,'Skandan','Shetty',59,'M','BEd','Lecturer','12b,beliaghata Road, Tangra,Kolkata, West Bengal','2015-05-30',750000.00);
insert into agents values(147852,'Mohan','Kumar',35,'M','BArch','Architect',99 ,'Plot 10 Savarkar Apartment, Delhi','2018-09-09');
insert into agents values(951357,'Ritesh','Dev',28,'M','BDes','Unemployed''67 KVB Garden, RA Puram, Chennai, Tamil Nadu','2001-02-20');
insert into agents values(698472,'Priya','Singh',30,'M','BTech','Engineer','No 3, Uday Darshan, Nehru Rd,Santacruz, Pune, Maharashtra','1999-05-11');
insert into agents values(324789,'Rachel','DSouza',40,'M','BEd','Teacher','170 , Anand Cloth Market, Ahmedabad, Gujarat','2007-12-12');



Insert into customer values(214576,'Arhaan','Agarwal',35,'M','BTech','194,Tondairpet,Chennai,Tamil Nadu','Engineer','1991-11-18');
Insert into customer values(175423,'Arnab','Apte',31,'M','BBA','4,Bowenpally,Hyderabad,Andhra Pradesh','Lawyer','1991-05-01');
Insert into customer values(460123,'Ketaki','Arora',40,'F','MBA','76d,N S Road,Burabazar,Kolkata, West Bengal','CEO','1991-06-09');
Insert into customer values(107841,'Krish','Bhardwaj',45,'M','BTech','C-29, L-289, Gidc, Odhav,Ahmedabad, Gujarat','Engineer','1991-04-02');
Insert into customer values(731450,'Aryan','Bose',50,'M','MTech','42, Tikona Park,Haryana','Lecturer','1997-04-19');
Insert into customer values(142872,'Prachi','Chandra',47,'F','MBA','2, Rajaji Salai,Chennai, Tamil Nadu','Manager','1991-12-03');
Insert into customer values(214263,'Shivani','Dixit',41,'F','MBBS','D 243 Basement,Delhi','Doctor','1990-12-18');
Insert into customer values(224466,'Natasha','Chopra',30,'F','MA','5, Habsiguda X Road,Hyderabad, Andhra Pradesh','Writer','1991-02-20');
Insert into customer values(316293,'Ayushi','Gill',32,'F','MBA','Karve Nagar, Near Wadacha Stop,Pune, Maharashtra','MD','1992-01-23');
Insert into customer values(396213,'Dhruv','Jain',43,'M','BBA','B7,Nr Parisima,C G Road,Ahmedabad, Gujarat','Advocate','1997-05-23');
Insert into customer values(481216,'Tushar','Shukla',44,'M','BEd','Sh No 34, Csc No 2, Rohini,Delhi','Teacher','1991-09-28');




Insert into custpolicies values(45214724589,214576,'512N312V02','2020-02-01','Quaterly',123456789.00,'Agarwal','Father',247839,'2021-03-01');
Insert into custpolicies values(96487236517,175423,'512N279V02','2019-08-05','Monthly',234567891.11,'Arnab','Self',641232,'2021-08-16');
Insert into custpolicies values(34597156948,460123,'512N332V01','2020-12-12','Halfyearly',345678912.22,'Ketaki','Self',322343,'2023-12-12');
Insert into custpolicies values(34975612038,107841,'512N299V02','2020-01-02','Anually',456789123.99,'Krish','Self',436787,'2021-02-03');
Insert into custpolicies values(20146424861,731450,'512N292V03','2015-08-24','Monthly',567891234.22,'Preeti','Daughter',787997,'2019-09-24');
Insert into custpolicies values(19740368424,142872,'512N287V03','2016-06-30','Quaterly',600000000.00,'Prajwal','Son',787997,'2017-06-30');
Insert into custpolicies values(87656157600,214263,'512N339V01','2014-01-09','Anually',500000400.33,'Shalini','Mother',091234,'2015-01-09');
Insert into custpolicies values(57895035978,224466,'512N297V02','2013-02-28','Halfyearly',400000500.44,'Natasha','Self',436383,'2014-02-28');
Insert into custpolicies values(68841046234,316293,'512N316V02','2012-12-23','Monthly',678912345.5,'Akhil','Brother',939192,'2014-12-13');
Insert into custpolicies values(74165896413,396213,'512N304V02','2019-11-14','Quaterly',987654321.22,'Dinakar','Father',949867,'2022-11-14');
Insert into custpolicies values(85465326130,481216,'512N266V02','2020-03-15','halfyearly',344567778.99,'Rubina','Daughter',831343,'2023-09-15');



Insert into custpolicyamounts values(45214724589,40090000.00,65432.00,40155432);
Insert into custpolicyamounts values(96487236517,50000000.00,70000.90,50070000);
Insert into custpolicyamounts values(34597156948,6005000.89.44900.65,6049900.65);
Insert into custpolicyamounts values(34975612038,55540000.00,67876.99,55607877);
Insert into custpolicyamounts values(20146424861,7000000.00,43098.00,7043098);
Insert into custpolicyamounts values(19740368424,4550000.90,20879.87,4570880.77);
Insert into custpolicyamounts values(87656157600,8760000.00,86430.44,8846430.44);
Insert into custpolicyamounts values(57895035978,87654321.09,89875.89,87744197);
Insert into custpolicyamounts values(68841046234,98765987,95678.77,98861665.8);
Insert into custpolicyamounts values(74165896413,3456789.45,15320.88,3472110.33);
Insert into custpolicyamounts values(85465326130,76567889.00,86543.00,76654432);




Insert into custpremiumdates values(45214724589,'2021-03-10','2021-06-10');
Insert into custpremiumdates values(96487236517,'2021-04-04','2021-05-04');
Insert into custpremiumdates values(34597156948,'2021-01-28','2021-07-28');
Insert into custpremiumdates values(34975612038,'2021-02-15','2022-06-15');
Insert into custpremiumdates values(20146424861,'2021-03-16','2021-06-16');
Insert into custpremiumdates values(19740368424,'2021-03-25','2021-06-25');
Insert into custpremiumdates values(87656157600,'2020-06-20','2021-06-20');
Insert into custpremiumdates values(57895035978,'2021-01-02','2021-07-02');
Insert into custpremiumdates values(68841046234,'2021-03-30','2021-04-30');
Insert into custpremiumdates values(74165896413,'2021-03-28','2021-06-28');
Insert into custpremiumdates values(85465326130,'2021-04-01','2021-05-01');



Insert into policycommission values(111000000.25,20.02);
Insert into policycommission values(150000000.50,30.50);
Insert into policycommission values(245000000.75,25.75);
Insert into policycommission values(530000000.00,22.50);
Insert into policycommission values(425000000.40,25.00);
Insert into policycommission values(237100000.50,27.50);
Insert into policycommission values(650000000.70,32.50);
Insert into policycommission values(320000000.80,27.75);
Insert into policycommission values(452500000.25,22.25);
Insert into policycommission values(154200000.00,25.50);
Insert into policycommission values(953000000.00,50.00);
Insert into policycommission values(475200000.50,20.50);





Insert into premiumamounts values('512N312V02',5000.00,15000.00,25000.00,50000.00);
Insert into premiumamounts values('512N279V02',7000.00,14000.00,28000.00,56000.00);
Insert into premiumamounts values('512N332V01',8000.00,16000.00,32000.00,64000.00);
Insert into premiumamounts values('512N299V02',9000.00,18000.00,36000.00,72000.00);
Insert into premiumamounts values('512N292V03',6000.00,12000.00,24000.00,48000.00);
Insert into premiumamounts values('512N287V03',4000.00,18000.00,16000.00,32000.00);
Insert into premiumamounts values('512N339V01',5000.00,10000.00,20000.00,40000.00);
Insert into premiumamounts values('512N297V02',5500.00,11000.00,22000.00,44000.00);
Insert into premiumamounts values('512N304V02',6500.00,13000.00,26000.00,52000.00);
Insert into premiumamounts values('512N316V02',4500.00,12500.00,25000.00,40000.00);
Insert into premiumamounts values('512N315V02',5215.00,25120.00,28145.00,54600.00);






Insert into agentcommission values(247839,50000.00);
Insert into agentcommission values(641232,45000.00);
Insert into agentcommission values(322343,47500.00);
Insert into agentcommission values(436787,28000.00);
Insert into agentcommission values(787997,40000.00);
Insert into agentcommission values(091234,35000.00);
Insert into agentcommission values(436383,18000.00);
Insert into agentcommission values(939192,36500.00);
Insert into agentcommission values(949867,30000.00);
Insert into agentcommission values(831343,27500.00);
Insert into agentcommission values(873773,47000.00);




Insert into custbonusdates values(45214724589,'2021-06-10','2021-12-10');
Insert into custbonusdates values(96487236517,'2021-10-04','2022-04-04');
Insert into custbonusdates values(34597156948,'2021-07-09','2022-01-09');
Insert into custbonusdates values(34975612038,'2021-12-11','2021-05-11');
Insert into custbonusdates values(20146424861,'2021-02-22','2021-08-22');
Insert into custbonusdates values(19740368424,'2021-01-16','2021-07-16');
Insert into custbonusdates values(87656157600,'2021-10-08','2022-04-08');
Insert into custbonusdates values(57895035978,'2021-09-20','2022-03-20');
Insert into custbonusdates values(68841046234,'2021-05-29','2021-11-29');
Insert into custbonusdates values(74165896413,'2021-11-25','2022-05-25');
Insert into custbonusdates values(85465326130,'2021-03-12','2021-09-12');





